{
    "collect": {
        "metrics": {
            "/foo/bar": {
                "version": 1
            },
            "/foo/baz": {}
        },
        "config": {
            "/foo/bar": {
                "password": "drowssap",
                "user": "root"
            }
        },
        "tags": {
            "/foo/bar": {
                "tag1": "val1",
                "tag2": "val2"
            },
            "/foo/baz": {
                "tag3": "val3"
            }
        },
        "process": [
            {
                "plugin_name": "floor",
                "plugin_version": 1,
                "process": [
                    {
                        "plugin_name": "oslo",
                        "plugin_version": 1,
                        "process": null,
                        "publish": null,
                        "config": {
                            "version": "kilo"
                        }
                    }
                ],
                "publish": [
                    {
                        "plugin_name": "rabbitmq",
                        "plugin_version": 5,
                        "config": {
                            "port": 5672,
                            "server": "localhost"
                        }
                    }
                ],
                "config": {
                    "something": true,
                    "somethingelse": false
                }
            }
        ],
        "publish": [
            {
                "plugin_name": "riemann",
                "plugin_version": 3,
                "config": {
                    "port": 8080,
                    "user": "root"
                }
            }
        ]
    }
}
