{
    "collect": {
        "metrics": {
            "/intel/mock/foo": {
                "version": 1
            },
            "/intel/mock/bar": {}
        },
        "config": {
            "/intel/mock": {
                "password": "secret",
                "user": "root"
            }
        },
        "process": [
            {
                "plugin_name": "passthru",
                "plugin_version": 1,
                "process": null,
                "publish": [
                    {
                        "plugin_name": "file",
                        "plugin_version": 1,
                        "config": {
                            "file": "/tmp/pub.out"                            
                        }
                    }
                ],
                "config": null
            }
        ],
        "publish": null
    }
}
